Code,Occupation_Name,Nom_de_la_profession,Future_Labour_Market_Conditions,Conditions_futures_sur_le_marché_du_travail
N0000,All Occupations,Tous les professions,N/A,N/D
SL_A,Occupations usually require university education.,Une formation universitaire caractérise habituellement les professions.,N/A,N/D
SL_B,Occupations usually require college or vocational education or apprenticeship training.,Une formation collégiale ou professionnelle ou un programme d'apprentissage caractérise habituellement les professions.,N/A,N/D
SL_C,Occupations usually require secondary school and/or occupation-specific training.,Une formation de niveau secondaire et quelques cours de courte durée ou une formation spécifique à la profession,N/A,N/D
SL_D,On-the-job training is usually provided for occupations.,Une formation en cours d'emploi caractérise habituellement les professions,N/A,N/D
SL_M,Management Occupations,Les professions de la gestion,N/A,N/D
ST_SM,Legislators and senior management,Cadres supérieurs ,N/A,N/D
ST_1,"Business, finance and administration occupations","Affaires, finance et administration",N/A,N/D
ST_2,Natural and applied sciences and related occupations,Sciences naturelles et appliquées et domaines apparentés,N/A,N/D
ST_3,Health occupations,Secteur de la santé,N/A,N/D
ST_4,"Occupations in education, law and social, community and government services","Enseignement, droit et services sociaux, communautaires et gouvernementaux",N/A,N/D
ST_5,"Occupations in art, culture, recreation and sport","Arts, culture, sports et loisirs",N/A,N/D
ST_6,Sales and service occupations,Vente et services,N/A,N/D
ST_7,"Trades, transport and equipment operators and related occupations","Métiers, transport, machinerie et domaines apparentés",N/A,N/D
ST_8,"Natural resources, agriculture and related production occupations","Ressources naturelles, agriculture et production connexe",N/A,N/D
ST_9,Occupations in manufacturing and utilities,Fabrication et services d'utilité publique,N/A,N/D
N0010,Legislators and senior management,Membres des corps législatifs et cadres supérieurs/cadres supérieures,Balance,À L'ÉQUILIBRE
N0111,Financial managers,Directeurs financiers/directrices financières.,Balance,À L'ÉQUILIBRE
N0112,Human resources managers,Directeurs/directrices des ressources humaines.,Balance,À L'ÉQUILIBRE
N0113,"Purchasing managers & Senior managers - health, education, social and community services and membership organizations",Directeurs/directrices des achats; Directeurs/directrices d'autres services administratifs.,Balance,À L'ÉQUILIBRE
N0121,"Insurance, real estate and financial brokerage managers","Directeurs/directrices des assurances, de l'immobilier et du courtage financier.",Balance,À L'ÉQUILIBRE
N0122,"Banking, credit and other investment managers","Directeurs/directrices de banque, du crédit et d'autres services de placements.",Balance,À L'ÉQUILIBRE
N0124,"Advertising, marketing and public relations managers & Other business services managers","Directeurs/directrices de la publicité, du marketing et des relations publiques; Directeurs/directrices d'autres services aux entreprises.",Balance,À L'ÉQUILIBRE
N0130,Managers in communication (except broadcasting),Directeurs/directrices des services de communications (sauf la radiotélédiffusion),Surplus,SURPLUS
N0211,Engineering managers & Architecture and science managers,Directeurs/directrices des services de génie; Directeurs/directrices des services d'architecture et de sciences.,Balance,À L'ÉQUILIBRE
N0213,Computer and information systems managers,Gestionnaires des systèmes informatiques.,Balance,À L'ÉQUILIBRE
N0311,Managers in health care,Directeurs/directrices des soins de santé.,Balance,À L'ÉQUILIBRE
N0410,Managers in public administration,Directeurs/directrices de la fonction publique,Balance,À L'ÉQUILIBRE
N0421,Administrators - post-secondary education and vocational training,Administrateurs/administratrices - enseignement postsecondaire et formation professionnelle  .,Balance,À L'ÉQUILIBRE
N0422,School principals and administrators of elementary and secondary education,Directeurs/directrices d'école et administrateurs/administratrices de programmes d'enseignement aux niveaux primaire et secondaire.,Balance,À L'ÉQUILIBRE
N0423,"Managers in social, community and correctional services","Directeurs/directrices des services sociaux, communautaires et correctionnels.",Balance,À L'ÉQUILIBRE
N0430,Managers in public protection services,Directeurs/directrices des services de la protection du public,Balance,À L'ÉQUILIBRE
N0510,"Managers in art, culture, recreation and sport","Directeurs/directrices des arts, de la culture, des sports et des loisirs",Balance,À L'ÉQUILIBRE
N0601,Corporate sales managers,Directeurs/directrices des ventes corporatives.,Balance,À L'ÉQUILIBRE
N0621,Retail and wholesale trade managers,Directeurs/directrices - commerce de détail et de gros.,Balance,À L'ÉQUILIBRE
N0631,Restaurant and food service managers,Directeurs/directrices de la restauration et des services alimentaires.,Balance,À L'ÉQUILIBRE
N0632,Accommodation service managers,Directeurs/directrices des services d'hébergement.,Balance,À L'ÉQUILIBRE
N0651,"Managers in customer and personal services, n.e.c.","Directeurs/directrices du service à la clientèle et des services personnels, n.c.a..",Balance,À L'ÉQUILIBRE
N0711,Construction managers,Directeurs/directrices de la construction.,Balance,À L'ÉQUILIBRE
N0712,Home building and renovation managers,Gestionnaires et rénovateurs/rénovatrices en construction domiciliaire.,Balance,À L'ÉQUILIBRE
N0714,Facility operation and maintenance managers,Directeurs/directrices de l'exploitation et de l'entretien d'immeubles.,Surplus,SURPLUS
N0731,Managers in transportation,Directeurs/directrices des transports.,Balance,À L'ÉQUILIBRE
N0811,Managers in natural resources production and fishing,Directeurs/directrices de l'exploitation des ressources naturelles et de la pêche.,Balance,À L'ÉQUILIBRE
N0820,"Managers in agriculture, horticulture and aquaculture","Gestionnaires en agriculture, horticulture et en aquaculture",Balance,À L'ÉQUILIBRE
N0910,Managers in manufacturing and utilities,Directeurs/directrices de la fabrication et des services d'utilité publique,Balance,À L'ÉQUILIBRE
N1111,Financial auditors and accountants,Vérificateurs/vérificatrices et comptables.,Balance,À L'ÉQUILIBRE
N1112,Financial and investment analysts,Analystes financiers/analystes financières et analystes en placements.,Balance,À L'ÉQUILIBRE
N1113,"Securities agents, investment dealers and brokers","Agents/agentes en valeurs, agents/agentes en placements et négociateurs/négociatrices en valeurs.",Balance,À L'ÉQUILIBRE
N1114,Other financial officers,Autres agents financiers/agentes financières.,Balance,À L'ÉQUILIBRE
N1121,Human resources professionals,Professionnels/professionnelles en ressources humaines.,Balance,À L'ÉQUILIBRE
N1122,Professional occupations in business management consulting,Professionnels/professionnelles des services-conseils en gestion aux entreprises.,Balance,À L'ÉQUILIBRE
N1123,"Professional occupations in advertising, marketing and public relations","Professionnels/professionnelles en publicité, en marketing et en relations publiques.",Balance,À L'ÉQUILIBRE
N1211,"Supervisors, general office and administrative support workers",Superviseurs/superviseures de commis de bureau et du personnel de soutien administratif.,Surplus,SURPLUS
N1212,"Supervisors, finance and insurance office workers",Superviseurs/superviseures de commis de finance et d'assurance.,Balance,À L'ÉQUILIBRE
N1213,"Supervisors, library, correspondence and related information workers; Supervisors, mail and message distribution occupations & Supervisors, supply chain, tracking and scheduling co-ordination occupations","Superviseurs/superviseures de commis de bibliothèque, de correspondanciers et d'autres commis à l'information; Superviseurs/superviseures de services postaux et de messageries; Superviseurs/superviseures du personnel de coordination de la chaîne d'approvisionnement, du suivi et des horaires.",Balance,À L'ÉQUILIBRE
N1221,Administrative officers,Agents/agentes d'administration.,Balance,À L'ÉQUILIBRE
N1222,Executive assistants,Adjoints/adjointes de direction.,Balance,À L'ÉQUILIBRE
N1223,Human resources and recruitment officers,Agents/agentes des ressources humaines et de recrutement.,Balance,À L'ÉQUILIBRE
N1224,Property administrators,Agents/agentes de gestion immobilière.,Balance,À L'ÉQUILIBRE
N1225,Purchasing agents and officers,Agents/agentes aux achats.,Balance,À L'ÉQUILIBRE
N1226,Conference and event planners,Planificateurs/planificatrices de congrès et d'événements.,Surplus,SURPLUS
N1227,"Court officers and justices of the peace & Employment insurance, immigration, border services and revenue officers","Juges de paix et officiers/officières de justice; Agents/agentes d'assurance-emploi, d'immigration, de services frontaliers et du revenu.",Balance,À L'ÉQUILIBRE
N1241,Administrative assistants,Adjoints administratifs/adjointes administratives.,Balance,À L'ÉQUILIBRE
N1242,Legal administrative assistants,Adjoints administratifs juridiques/adjointes administratives juridiques.,Balance,À L'ÉQUILIBRE
N1243,Medical administrative assistants,Adjoints administratifs médicaux/adjointes administratives médicales.,Balance,À L'ÉQUILIBRE
N1250,"Court reporters, transcriptionists, records management technician And statistical officers","Sténographes judiciaires, transcripteurs/transcriptrices, techniciens/techniciennes à la gestion des documents et agents/agentes de statistiques",Balance,À L'ÉQUILIBRE
N1311,Accounting technician and bookkeepers,Techniciens/techniciennes en comptabilité et teneurs/teneuses de livres.,Balance,À L'ÉQUILIBRE
N1312,"Insurance adjusters and claims examiners; Insurance underwriters; Assessors, valuators and appraisers & Customs, ship and other brokers","Experts/expertes en sinistres et rédacteurs/rédactrices sinistres; Assureurs/assureures; Estimateurs/estimatrices et évaluateurs/évaluatrices; Courtiers/courtières en douanes, courtiers maritimes/courtières maritimes et autres courtiers/courtières.",Balance,À L'ÉQUILIBRE
N1411,General office support workers,Employés de soutien de bureau généraux/employées de soutien de bureau générales.,Balance,À L'ÉQUILIBRE
N1414,Receptionists,Réceptionnistes.,Balance,À L'ÉQUILIBRE
N1415,Personnel  and Court clerks,Commis des services du personnel et des services judiciaires.,Balance,À L'ÉQUILIBRE
N1422,Data entry clerks & Desktop publishing operators and related occupations,Commis à la saisie de données; Opérateurs/opératrices d'équipement d'éditique et personnel assimilé.,Surplus,SURPLUS
N1431,Accounting and related clerks,Commis à la comptabilité et personnel assimilé.,Balance,À L'ÉQUILIBRE
N1432,Payroll clerks,Commis à la paye.,Balance,À L'ÉQUILIBRE
N1434,"Banking, insurance and other financial clerks & Collectors","Commis de banque, d'assurance et d'autres services financiers; Agents/agentes de recouvrement.",Balance,À L'ÉQUILIBRE
N1450,"Library, correspondence and other clerks","Commis de bibliothèque, de correspondance et autres commis",Surplus,SURPLUS
N1511,"Mail, postal and related workers",Commis au courrier et aux services postaux et personnel assimilé.,Balance,À L'ÉQUILIBRE
N1512,Letter carriers,Facteurs/factrices.,Balance,À L'ÉQUILIBRE
N1513,"Couriers, messengers and door-to-door distributors",Messagers/messagères et distributeurs/distributrices porte-à-porte.,Balance,À L'ÉQUILIBRE
N1521,Shippers and receivers,Expéditeurs/expéditrices et réceptionnaires.,Balance,À L'ÉQUILIBRE
N1522,Storekeepers and partspersons; Production logistics co-ordinators & Purchasing and inventory control workers,Magasiniers/magasinières et commis aux pièces; Coordonnateurs/coordonnatrices de la logistique de la production; Commis aux achats et au contrôle de l'inventaire.,Balance,À L'ÉQUILIBRE
N1525,Dispatchers & Transportation route and crew schedulers,Répartiteurs/répartitrices; Horairistes de trajets et d'équipages.,Balance,À L'ÉQUILIBRE
N2110,Physical science professionals,Professionnels/professionnelles des sciences physiques,Balance,À L'ÉQUILIBRE
N2120,Life science professionals,Professionnels/professionnelles des sciences de la vie,Balance,À L'ÉQUILIBRE
N2131,Civil engineers,Ingénieurs civils/ingénieures civiles.,Balance,À L'ÉQUILIBRE
N2132,Mechanical engineers,Ingénieurs mécaniciens/ingénieures mécaniciennes.,Balance,À L'ÉQUILIBRE
N2133,Electrical and electronics engineers,Ingénieurs électriciens et électroniciens/ingénieures électriciennes et électroniciennes.,Balance,À L'ÉQUILIBRE
N2134,Chemical engineers,Ingénieurs chimistes/ingénieures chimistes.,Surplus,SURPLUS
N2141,Industrial and manufacturing engineers & Metallurgical and materials engineers,Ingénieurs/ingénieures d'industrie et de fabrication; Ingénieurs/ingénieures métallurgistes et des matériaux.,Balance,À L'ÉQUILIBRE
N2143,Mining engineers; Geological engineers & Petroleum engineers,Ingénieurs miniers/ingénieures minières; Ingénieurs géologues/ingénieures géologues; Ingénieurs/ingénieures de l'extraction et du raffinage du pétrole.,Surplus,SURPLUS
N2146,"Aerospace engineers & Other professional engineers, n.e.c.","Ingénieurs/ingénieures en aérospatiale; Autres ingénieurs/ingénieures, n.c.a..",Shortage,PÉNURIE
N2147,Computer engineers (except software engineers and designers),Ingénieurs informaticiens/ingénieures informaticiennes (sauf ingénieurs/ingénieures et concepteurs/conceptrices en logiciel).,Balance,À L'ÉQUILIBRE
N2151,Architects,Architectes.,Balance,À L'ÉQUILIBRE
N2152,Landscape architects; Urban and land use planners & Land surveyors,Architectes paysagistes; Urbanistes et planificateurs/planificatrices de l'utilisation des sols; Arpenteurs-géomètres/arpenteuses-géomètres.,Balance,À L'ÉQUILIBRE
N2161,"Mathematicians, statisticians and actuaries","Mathématiciens/mathématiciennes, statisticiens/statisticiennes et actuaires.",Shortage,PÉNURIE
N2171,Information systems analysts and consultants,Analystes et consultants/consultantes en informatique.,Shortage,PÉNURIE
N2172,Database analysts and data administrators,Analystes de bases de données et administrateurs/administratrices de données.,Shortage,PÉNURIE
N2173,Software engineers and designers,Ingénieurs/ingénieures et concepteurs/conceptrices en logiciel.,Shortage,PÉNURIE
N2174,Computer programmers and interactive media developers,Programmeurs/programmeuses et développeurs/développeuses en médias interactifs.,Shortage,PÉNURIE
N2175,Web designers and developers,Concepteurs/conceptrices et développeurs/développeuses Web.,Balance,À L'ÉQUILIBRE
N2210,Technical occupations in physical sciences,Personnel technique des sciences physiques,Balance,À L'ÉQUILIBRE
N2221,Biological technologists and technician,Technologues et techniciens/techniciennes en biologie.,Balance,À L'ÉQUILIBRE
N2222,Agricultural and fish products inspectors; Forestry technologists and technician & Conservation and fishery officers,Inspecteurs/inspectrices des produits agricoles et de la pêche; Technologues et techniciens/techniciennes en sciences forestières; Techniciens/techniciennes du milieu naturel et de la pêche.,Balance,À L'ÉQUILIBRE
N2225,Landscape and horticulture technician and specialists,Techniciens/techniciennes et spécialistes de l'aménagement paysager et de l'horticulture.,Surplus,SURPLUS
N2231,Civil engineering technologists and technician,Technologues et techniciens/techniciennes en génie civil.,Balance,À L'ÉQUILIBRE
N2232,Mechanical engineering technologists and technician,Technologues et techniciens/techniciennes en génie mécanique.,Shortage,PÉNURIE
N2233,Industrial engineering and manufacturing technologists and technician,Technologues et techniciens/techniciennes en génie industriel et en génie de fabrication.,Shortage,PÉNURIE
N2234,Construction estimators,Estimateurs/estimatrices en construction.,Balance,À L'ÉQUILIBRE
N2241,Electrical and electronics engineering technologists and technician,Technologues et techniciens/techniciennes en génie électronique et électrique.,Balance,À L'ÉQUILIBRE
N2242,Electronic service technician (household and business equipment),Électroniciens/électroniciennes d'entretien (biens domestiques et commerciaux).,Balance,À L'ÉQUILIBRE
N2243,"Industrial instrument technician and mechanics & Aircraft instrument, electrical and avionics mechanics, technician and inspectors","Techniciens/techniciennes et mécaniciens/mécaniciennes d'instruments industriels; Mécaniciens/mécaniciennes, techniciens/techniciennes et contrôleurs/contrôleuses d'avionique et d'instruments et d'appareillages électriques d'aéronefs.",Balance,À L'ÉQUILIBRE
N2250,"Technical occupations in architecture, drafting, surveying, geomatics","Personnel technique en architecture, en dessin, en arpentage, en géomatique et en météorologie",Balance,À L'ÉQUILIBRE
N2261,Non-destructive testers and inspection technician; Engineering inspectors and regulatory officers & Inspectors in public and environmental health and occupational health and safety,"Vérificateurs/vérificatrices et essayeurs/essayeuses des essais non destructifs; Inspecteurs/inspectrices d'ingénierie et officiers/officières de réglementation; Inspecteurs/inspectrices de la santé publique, de l'environnement et de l'hygiène et de la sécurité au travail.",Balance,À L'ÉQUILIBRE
N2264,Construction inspectors,Inspecteurs/inspectrices en construction.,Balance,À L'ÉQUILIBRE
N2270,Transportation officers and controllers,Officiers/officières et contrôleurs/contrôleuses des services de transport,Shortage,PÉNURIE
N2281,Computer network technician,Techniciens/techniciennes de réseau informatique.,Balance,À L'ÉQUILIBRE
N2282,User support technician & Information systems testing technician,Agents/agentes de soutien aux utilisateurs; Évaluateurs/évaluatrices de systèmes informatiques.,Surplus,SURPLUS
N3011,Nursing co-ordinators and supervisors,Coordonnateurs/coordonnatrices et superviseurs/superviseures des soins infirmiers.,Balance,À L'ÉQUILIBRE
N3012,Registered nurses and registered psychiatric nurses,Infirmiers autorisés/infirmières autorisées et infirmiers psychiatriques autorisés/infirmières psychiatriques autorisées.,Shortage,PÉNURIE
N3111,Specialist physicians,Médecins spécialistes.,Shortage,PÉNURIE
N3112,General practitioners and family physicians,Omnipraticiens/omnipraticiennes et médecins en médecine familiale.,Shortage,PÉNURIE
N3113,Dentists,Dentistes.,Shortage,PÉNURIE
N3114,Veterinarians,Vétérinaires.,Balance,À L'ÉQUILIBRE
N3120,"Optometrists, chiropractors and other health diagnosing and treating professionals","Optométristes, chiropraticiens/chiropraticiennes et autres professionnels/professionnelles en diagnostic et en traitement de la santé",Shortage,PÉNURIE
N3131,Pharmacists,Pharmaciens/pharmaciennes.,Balance,À L'ÉQUILIBRE
N3132,Dietitians and nutritionists,Diététistes et nutritionnistes.,Balance,À L'ÉQUILIBRE
N3141,Audiologists and speech-language pathologists,Audiologistes et orthophonistes.,Shortage,PÉNURIE
N3142,Physiotherapists,Physiothérapeutes.,Shortage,PÉNURIE
N3143,Occupational therapists & Other professional occupations in therapy and assessment,Ergothérapeutes; Autres professionnels/professionnelles en thérapie et en diagnostic.,Shortage,PÉNURIE
N3211,Medical laboratory technologists & Medical laboratory technician and pathologists' assistants,Technologues de laboratoires médicaux; Techniciens/techniciennes de laboratoire médical et assistants/assistantes en pathologie.,Balance,À L'ÉQUILIBRE
N3213,Animal health technologists and veterinary technician,Technologues en santé animale et techniciens/techniciennes vétérinaires.,Surplus,SURPLUS
N3214,"Respiratory therapists, clinical perfusionists and cardiopulmonary technologists; Medical radiation technologists & Medical sonographers","Inhalothérapeutes, perfusionnistes cardiovasculaires et technologues cardiopulmonaires; Technologues en radiation médicale; Technologues en échographie.",Shortage,PÉNURIE
N3217,"Cardiology technologists and electrophysiological diagnostic technologists, n.e.c. & Other medical technologists and technician (except dental health)","Technologues en cardiologie et technologues en électrophysiologie diagnostique, n.c.a.; Autres technologues et techniciens/techniciennes des sciences de la santé (sauf soins dentaires).",Balance,À L'ÉQUILIBRE
N3220,Technical occupations in dental health care,Personnel technique en soins dentaires,Balance,À L'ÉQUILIBRE
N3231,Opticians,Opticiens/opticiennes d'ordonnances.,Shortage,PÉNURIE
N3232,Practitioners of natural healing; Massage therapists & Other technical occupations in therapy and assessment,Praticiens/praticiennes des médecines douces; Massothérapeutes; Autre personnel technique en thérapie et en diagnostic.,Shortage,PÉNURIE
N3233,Licensed practical nurses,Infirmiers auxiliaires/infirmières auxiliaires.,Shortage,PÉNURIE
N3234,Paramedical occupations,Personnel ambulancier et paramédical.,Balance,À L'ÉQUILIBRE
N3411,Dental assistants,Assistants/assistantes dentaires.,Surplus,SURPLUS
N3413,"Nurse aides, orderlies and patient service associates & Other assisting occupations in support of health services","Aides-infirmiers/aides-infirmières, aides-soignants/aides-soignantes et préposés/préposées aux bénéficiaires; Autre personnel de soutien des services de santé.",Balance,À L'ÉQUILIBRE
N4011,University professors and lecturers,Professeurs/professeures et chargés/chargées de cours au niveau universitaire.,Balance,À L'ÉQUILIBRE
N4012,Post-secondary teaching and research assistants,Assistants/assistantes d'enseignement et de recherche au niveau postsecondaire.,Balance,À L'ÉQUILIBRE
N4021,College and other vocational instructors,Enseignants/enseignantes au niveau collégial et autres instructeurs/instructrices en formation professionnelle.,Balance,À L'ÉQUILIBRE
N4031,Secondary school teachers,Enseignants/enseignantes au niveau secondaire.,Balance,À L'ÉQUILIBRE
N4032,Elementary school and kindergarten teachers,Enseignants/enseignantes aux niveaux primaire et préscolaire.,Balance,À L'ÉQUILIBRE
N4033,Educational counsellors,Conseillers/conseillères en information scolaire.,Balance,À L'ÉQUILIBRE
N4110,"Judges, lawyers and Quebec notaries","Juges, avocats/avocates (partout au Canada) et notaires (au Québec)",Balance,À L'ÉQUILIBRE
N4151,Psychologists,Psychologues.,Shortage,PÉNURIE
N4152,Social workers & Probation and parole officers and related occupations,Travailleurs sociaux/travailleuses sociales; Agents/agentes de probation et de libération conditionnelle et personnel assimilé.,Balance,À L'ÉQUILIBRE
N4153,"Family, marriage and other related counsellors","Thérapeutes conjugaux/thérapeutes conjugales, thérapeutes familiaux/thérapeutes familiales et autres conseillers assimilés/conseillères assimilées.",Balance,À L'ÉQUILIBRE
N4154,Professional occupations in religion,Personnel professionnel relié à la religion.,Balance,À L'ÉQUILIBRE
N4156,Employment counsellors,Conseillers/conseillères en emploi.,Balance,À L'ÉQUILIBRE
N4161,"Natural and applied science policy researchers, consultants and program officers","Recherchistes, experts-conseils/expertes-conseils et agents/agentes de programmes, en sciences naturelles et appliquées.",Balance,À L'ÉQUILIBRE
N4162,Economists and economic policy researchers and analysts & Business development officers and marketing researchers and consultants,"Économistes, recherchistes et analystes des politiques économiques; Agents/agentes de développement économique, recherchistes et experts-conseils/expertes-conseils en marketing.",Balance,À L'ÉQUILIBRE
N4164,"Social policy researchers, consultants and program officers & Health policy researchers, consultants and program officers","Recherchistes, experts-conseils/expertes-conseils et agents/agentes de programmes en politiques sociales; Recherchistes, experts-conseils/expertes-conseils et agents/agentes de programmes en politiques de la santé.",Balance,À L'ÉQUILIBRE
N4166,"Education policy researchers, consultants and program officers & Recreation, sports and fitness policy researchers, consultants and program officers","Recherchistes, experts-conseils/expertes-conseils et agents/agentes de programmes en politiques de l'enseignement; Recherchistes, experts-conseils/expertes-conseils et agents/agentes de programme en sports, en loisirs et en conditionnement physique.",Balance,À L'ÉQUILIBRE
N4168,"Program officers unique to government & Other professional occupations in social science, n.e.c.","Agents/agentes de programmes propres au gouvernement; Autres professionnels/professionnelles des sciences sociales, n.c.a..",Surplus,SURPLUS
N4211,Paralegal and related occupations,Techniciens/techniciennes juridiques et personnel assimilé.,Balance,À L'ÉQUILIBRE
N4212,Social and community service workers,Travailleurs/travailleuses des services sociaux et communautaires.,Balance,À L'ÉQUILIBRE
N4214,Early childhood educators and assistants,Éducateurs/éducatrices et aides-éducateurs/aides-éducatrices de la petite enfance.,Balance,À L'ÉQUILIBRE
N4215,Instructors of persons with disabilities,Instructeurs/instructrices pour personnes ayant une déficience.,Balance,À L'ÉQUILIBRE
N4216,Other instructors & Other religious occupations,Autres instructeurs/instructrices; Autre personnel relié à la religion.,Balance,À L'ÉQUILIBRE
N4311,Police officers (except commissioned),Policiers/policières (sauf cadres supérieurs).,Balance,À L'ÉQUILIBRE
N4312,Firefighters & Non-commissioned ranks of the Canadian Forces,Pompiers/pompières; Sous-officiers/sous-officières des Forces canadiennes.,Balance,À L'ÉQUILIBRE
N4411,Home child care providers,Gardiens/gardiennes d'enfants en milieu familial.,Balance,À L'ÉQUILIBRE
N4412,"Home support workers, housekeepers and related occupations","Aides familiaux résidents/aides familiales résidentes, aides de maintien à domicile et personnel assimilé.",Balance,À L'ÉQUILIBRE
N4413,Elementary and secondary school teacher assistants,Aides-enseignants/aides-enseignantes aux niveaux primaire et secondaire.,Balance,À L'ÉQUILIBRE
N4420,Legal and public protection support occupations,Personnel juridique et de soutien des services de protection public,Balance,À L'ÉQUILIBRE
N5110,"Librarians, archivists, conservators and curators","Professionnels/professionnelles des bibliothèques, des archives, des musées et des galeries d'art",Balance,À L'ÉQUILIBRE
N5121,Authors and writers; Editors & Journalists,"Auteurs/auteures, rédacteurs/rédactrices et écrivains/écrivaines; Réviseurs/réviseures, rédacteurs-réviseurs/rédactrices-réviseures et chefs du service des nouvelles; Journalistes.",Surplus,SURPLUS
N5125,"Translators, terminologists and interpreters","Traducteurs/traductrices, terminologues et interprètes.",Balance,À L'ÉQUILIBRE
N5131,"Producers, directors, choreographers and related occupations & Conductors, composers and arrangers","Producteurs/productrices, réalisateurs/réalisatrices, chorégraphes et personnel assimilé; Chefs d'orchestre, compositeurs/compositrices et arrangeurs/arrangeuses.",Balance,À L'ÉQUILIBRE
N5133,"Musicians and singers; Dancers; Actors and comedians & Painters, sculptors and other visual artists","Musiciens/musiciennes et chanteurs/chanteuses; Danseurs/danseuses; Acteurs/actrices et comédiens/comédiennes; Peintres, sculpteurs/sculpteures et autres artistes des arts visuels.",Balance,À L'ÉQUILIBRE
N5210,"Technical occupations in libraries, public archives, museums and art galleries","Personnel technique des bibliothèques, des archives publiques, des musées et des galeries d'art",Balance,À L'ÉQUILIBRE
N5221,Photographers,Photographes.,Balance,À L'ÉQUILIBRE
N5222,"Film/video camera operators; Graphic arts technician; Broadcast technician; Audio/video recording technician; Other tech. / co-ord. occupations in motion picture, broadcasting, arts & Support occupations in motion picture, broadcasting, photography and the performing arts","Cadreurs/cadreuses de films et cadreurs/cadreuses vidéo; Techniciens/techniciennes en graphisme; Techniciens/techniciennes en radiotélédiffusion; Techniciens/techniciennes en enregistrement audio et vidéo; Autre personnel technique et personnel de coordination du cinéma, de la radiotélédiffusion et des arts de la scène; Personnel de soutien du cinéma, de la radiotélédiffusion, de la photographie et des arts de la scène. ",Balance,À L'ÉQUILIBRE
N5230,"Announcers and other performers, n.e.c.","Annonceurs/annonceures et autres artistes de spectacle, n.c.a.",Surplus,SURPLUS
N5241,Graphic designers and illustrators,Designers graphiques et illustrateurs/illustratrices.,Shortage,PÉNURIE
N5242,Interior designers and interior decorators,Designers d'intérieur et décorateurs/décoratrices d'intérieur.,Shortage,PÉNURIE
N5243,"Theatre, fashion, exhibit and other creative designers & Artisans and craftspersons; Patternmakers - textile, leather and fur products","Ensembliers/ensemblières de théâtre, dessinateurs/dessinatrices de mode, concepteurs/conceptrices d'expositions et autres concepteurs/conceptrices artistiques; Artisans/artisanes; Patronniers/patronnières de produits textiles et d'articles en cuir et en fourrure.",Balance,À L'ÉQUILIBRE
N5250,"Athletes, coaches, referees and related occupations","Athlètes, entraîneurs/entraîneuses, arbitres et personnel assimilé des sports et des loisirs",Surplus,SURPLUS
N6211,Retail sales supervisors,Superviseurs/superviseures des ventes - commerce de détail.,Balance,À L'ÉQUILIBRE
N6221,Technical sales specialists - wholesale trade,Spécialistes des ventes techniques - commerce de gros.,Balance,À L'ÉQUILIBRE
N6222,Retail and wholesale buyers,Acheteurs/acheteuses des commerces de détail et de gros.,Balance,À L'ÉQUILIBRE
N6231,Insurance agents and brokers,Agents/agentes et courtiers/courtières d'assurance.,Balance,À L'ÉQUILIBRE
N6232,Real estate agents and salespersons,Agents/agentes et vendeurs/vendeuses en immobilier.,Balance,À L'ÉQUILIBRE
N6235,Financial sales representatives,Représentants/représentantes des ventes financières.,Balance,À L'ÉQUILIBRE
N6311,Food service supervisors,Superviseurs/superviseures des services alimentaires.,Balance,À L'ÉQUILIBRE
N6312,"Executive housekeepers & Accommodation, travel, tourism and related services supervisors; Customer and information services supervisors; Cleaning supervisors; Other services supervisors","Gouvernants principaux/gouvernantes principales; Superviseurs/superviseures des services d'hébergement, de voyages, de tourisme et des services connexes; Superviseurs/superviseures des services d'information et des services à la clientèle; Surveillants/surveillantes des services de nettoyage; Surveillants/surveillantes des autres services. ; ",Balance,À L'ÉQUILIBRE
N6321,Chefs,Chefs.,Balance,À L'ÉQUILIBRE
N6322,Cooks,Cuisiniers/cuisinières.,Surplus,SURPLUS
N6331,"Butchers, meat cutters and fishmongers - retail and wholesale","Bouchers/bouchères, coupeurs/coupeuses de viande et poissonniers/poissonnières - commerce de gros et de détail.",Balance,À L'ÉQUILIBRE
N6332,Bakers,Boulangers-pâtissiers/boulangères-pâtissières.,Balance,À L'ÉQUILIBRE
N6341,Hairstylists and barbers,Coiffeurs/coiffeuses et barbiers/barbières.,Balance,À L'ÉQUILIBRE
N6342,"Tailors, dressmakers, furriers and milliners & Shoe repairers and shoemakers; Jewellers, jewellery and watch repairers and related occupations; Upholsterers; Funeral directors and embalmers","Tailleurs/tailleuses, couturiers/couturières, fourreurs/fourreuses et modistes; Cordonniers/cordonnières et fabricants/fabricantes de chaussures; Bijoutiers/bijoutières, réparateurs/réparatrices de bijoux, horlogers-rhabilleurs/horlogères-rhabilleuses et personnel assimilé; Tapissiers-garnisseurs/tapissières-garnisseuses; Directeurs/directrices de funérailles et embaumeurs/embaumeuses. ; ",Balance,À L'ÉQUILIBRE
N6411,Sales and account representatives - wholesale trade (non-technical),Représentants/représentantes des ventes et des comptes - commerce de gros (non-technique).,Balance,À L'ÉQUILIBRE
N6421,Retail salespersons,Vendeurs/vendeuses - commerce de détail.,Balance,À L'ÉQUILIBRE
N6511,Maîtres d'hôtel and hosts/hostesses,Maîtres d'hôtel et hôtes/hôtesses.,Balance,À L'ÉQUILIBRE
N6512,Bartenders,Barmans/barmaids.,Balance,À L'ÉQUILIBRE
N6513,Food and beverage servers,Serveurs/serveuses d'aliments et de boissons.,Balance,À L'ÉQUILIBRE
N6521,Travel counsellors,Conseillers/conseillères en voyages.,Balance,À L'ÉQUILIBRE
N6522,Pursers and flight attendants,Commissaires et agents/agentes de bord.,Balance,À L'ÉQUILIBRE
N6523,"Airline ticket and service agents & Ground and water transport ticket agents, cargo service representatives and related clerks","Agents/agentes à la billetterie et aux services aériens; Agents/agentes à la billetterie, représentants/représentantes du service en matière de fret et personnel assimilé dans le transport routier et maritime.",Balance,À L'ÉQUILIBRE
N6525,Hotel front desk clerks,Réceptionnistes d'hôtel.,Balance,À L'ÉQUILIBRE
N6530,Tourism and amusement services occupations,Personnel des services de tourisme et de loisirs,Surplus,SURPLUS
N6541,Security guards and related security service occupations,Agents/agentes de sécurité et personnel assimilé des services de sécurité.,Balance,À L'ÉQUILIBRE
N6551,Customer services representatives - financial institutions,Représentants/représentantes au service à la clientèle - institutions financières.,Balance,À L'ÉQUILIBRE
N6552,Other customer and information services representatives,Autres préposés/autres préposées aux services d'information et aux services à la clientèle.,Surplus,SURPLUS
N6561,"Image, social and other personal consultants; Pet groomers and animal care workers & Other personal service occupations","Conseillers/conseillères imagistes, conseillers mondains/conseillères mondaines et autres conseillers/conseillères en soins personnalisés; Soigneurs/soigneuses d'animaux et travailleurs/travailleuses en soins des animaux; Autre personnel de services personnalisés.",Balance,À L'ÉQUILIBRE
N6562,"Estheticians, electrologists and related occupations","Esthéticiens/esthéticiennes, électrolystes et personnel assimilé.",Balance,À L'ÉQUILIBRE
N6611,Cashiers,Caissiers/caissières.,Balance,À L'ÉQUILIBRE
N6621,Service station attendants,Préposés/préposées de stations-service.,Balance,À L'ÉQUILIBRE
N6622,"Store shelf stockers, clerks and order fillers","Garnisseurs/garnisseuses de tablettes, commis et préposés/préposées aux commandes dans les magasins.",Balance,À L'ÉQUILIBRE
N6623,Other sales related occupations,Autre personnel assimilé des ventes.,Balance,À L'ÉQUILIBRE
N6711,"Food counter attendants, kitchen helpers and related support occupations","Serveurs/serveuses au comptoir, aides de cuisine et personnel de soutien assimilé.",Surplus,SURPLUS
N6720,"Support occupations in accommodation, travel and amusement services","Personnel de soutien en services d'hébergement, de voyage et de loisirs",Balance,À L'ÉQUILIBRE
N6731,Light duty cleaners,Préposés/préposées à l'entretien ménager et au nettoyage - travaux légers.,Balance,À L'ÉQUILIBRE
N6732,Specialized cleaners,Nettoyeurs spécialisés/nettoyeuses spécialisées.,Balance,À L'ÉQUILIBRE
N6733,"Janitors, caretakers and building superintendents",Concierges et surintendants/surintendantes d'immeubles.,Balance,À L'ÉQUILIBRE
N6740,"Other service support and related occupations, n.e.c.","Autres services de soutien et personnel assimilé, n.c.a.",Balance,À L'ÉQUILIBRE
N7201,"Contractors and supervisors, machining, metal forming, shaping and erecting trades and related occupations","Entrepreneurs/entrepreneuses et contremaîtres/contremaîtresses des machinistes et du personnel des métiers du formage, du profilage et du montage des métaux et personnel assimilé.",Balance,À L'ÉQUILIBRE
N7202,"Contractors and supervisors, electrical trades and telecommunications occupations",Entrepreneurs/entrepreneuses et contremaîtres/contremaîtresses en électricité et en télécommunications.,Balance,À L'ÉQUILIBRE
N7203,"Contractors and supervisors, pipefitting trades",Entrepreneurs/entrepreneuses et contremaîtres/contremaîtresses en tuyauterie.,Balance,À L'ÉQUILIBRE
N7204,"Contractors and supervisors, carpentry trades",Entrepreneurs/entrepreneuses et contremaîtres/contremaîtresses en charpenterie.,Balance,À L'ÉQUILIBRE
N7205,"Contractors and supervisors, other construction trades, installers, repairers and servicers",Entrepreneurs/entrepreneuses et contremaîtres/contremaîtresses des autres métiers de la construction et des services de réparation et d'installation.,Balance,À L'ÉQUILIBRE
N7231,Machinists and machining and tooling inspectors & Tool and die makers,Machinistes et vérificateurs/vérificatrices d'usinage et d'outillage; Outilleurs-ajusteurs/outilleuses-ajusteuses.,Balance,À L'ÉQUILIBRE
N7233,Sheet metal workers; Boilermakers; Structural metal and platework fabricators and fitters & Ironworkers,Tôliers/tôlières; Chaudronniers/chaudronnières; Assembleurs/assembleuses et ajusteurs/ajusteuses de plaques et de charpentes métalliques; Monteurs/monteuses de charpentes métalliques.,Balance,À L'ÉQUILIBRE
N7237,Welders and related machine operators,Soudeurs/soudeuses et opérateurs/opératrices de machines à souder et à braser.,Surplus,SURPLUS
N7241,Electricians (except industrial and power system),Électriciens/électriciennes (sauf électriciens industriels/électriciennes industrielles et de réseaux électriques).,Surplus,SURPLUS
N7242,Industrial electricians & Power system electricians,Électriciens industriels/électriciennes industrielles; Électriciens/électriciennes de réseaux électriques.,Balance,À L'ÉQUILIBRE
N7244,Electrical power line and cable workers & Telecommunications line and cable workers,Monteurs/monteuses de lignes électriques et de câbles; Monteurs/monteuses de lignes et de câbles de télécommunications.,Balance,À L'ÉQUILIBRE
N7246,Telecommunications installation and repair workers & Cable television service and maintenance technician,Installateurs/installatrices et réparateurs/réparatrices de matériel de télécommunications; Techniciens/techniciennes en montage et en entretien d'installations de câblodistribution.,Balance,À L'ÉQUILIBRE
N7251,Plumbers,Plombiers/plombières.,Balance,À L'ÉQUILIBRE
N7252,"Steamfitters, pipefitters and sprinkler system installers & Gas fitters","Tuyauteurs/tuyauteuses, monteurs/monteuses d'appareils de chauffage et poseurs/poseuses de gicleurs; Monteurs/monteuses d'installations au gaz.",Surplus,SURPLUS
N7271,Carpenters,Charpentiers-menuisiers/charpentières-menuisières.,Balance,À L'ÉQUILIBRE
N7272,Cabinetmakers,Ébénistes.,Surplus,SURPLUS
N7281,Bricklayers,Briqueteurs-maçons/briqueteuses-maçonnes.,Balance,À L'ÉQUILIBRE
N7282,Concrete finishers & Tilesetters,Finisseurs/finisseuses de béton; Carreleurs/carreleuses.,Surplus,SURPLUS
N7284,"Plasterers, drywall installers and finishers and lathers","Plâtriers/plâtrières, poseurs/poseuses et finisseurs/finisseuses de systèmes intérieurs et latteurs/latteuses.",Balance,À L'ÉQUILIBRE
N7291,Roofers and shinglers,Couvreurs/couvreuses et poseurs/poseuses de bardeaux.,Surplus,SURPLUS
N7292,Glaziers & Insulators,Vitriers/vitrières; Calorifugeurs/calorifugeuses.,Surplus,SURPLUS
N7294,Painters and decorators (except interior decorators),Peintres et décorateurs/décoratrices (sauf décorateurs/décoratrices d'intérieur).,Balance,À L'ÉQUILIBRE
N7295,Floor covering installers,Poseurs/poseuses de revêtements d'intérieur.,Balance,À L'ÉQUILIBRE
N7301,"Contractors and supervisors, mechanic trades & Supervisors, printing and related occupations",Entrepreneurs/entrepreneuses et contremaîtres/contremaîtresses en mécanique; Surveillants/surveillantes de l'imprimerie et du personnel assimilé.,Balance,À L'ÉQUILIBRE
N7302,"Contractors and supervisors, heavy equipment operator crews",Entrepreneurs/entrepreneuses et contremaîtres/contremaîtresses des équipes d'opérateurs d'équipement lourd.,Balance,À L'ÉQUILIBRE
N7304,"Supervisors, railway transport operations & Supervisors, motor transport and other ground transit operators",Surveillants/surveillantes des opérations du transport ferroviaire; Surveillants/surveillantes du transport routier et du transport en commun.,Balance,À L'ÉQUILIBRE
N7311,Construction millwrights and industrial mechanics,Mécaniciens/mécaniciennes de chantier et mécaniciens industriels/mécaniciennes industrielles.,Balance,À L'ÉQUILIBRE
N7312,Heavy-duty equipment mechanics,Mécaniciens/mécaniciennes d'équipement lourd.,Balance,À L'ÉQUILIBRE
N7313,Refrigeration and air conditioning mechanics; machine fitters & Elevator constructors and mechanics,Mécaniciens/mécaniciennes en réfrigération et en climatisation; Ajusteurs/ajusteuses de machines; Constructeurs/constructrices et mécaniciens/mécaniciennes d'ascenseurs.,Balance,À L'ÉQUILIBRE
N7314,Railway carmen/women & Aircraft mechanics and aircraft inspectors,Réparateurs/réparatrices de wagons; Mécaniciens/mécaniciennes et contrôleurs/contrôleuses d'aéronefs.,Balance,À L'ÉQUILIBRE
N7321,"Automotive service technician, truck and bus mechanics and mechanical repairers","Mécaniciens/mécaniciennes et réparateurs/réparatrices de véhicules automobiles, de camions et d'autobus.",Balance,À L'ÉQUILIBRE
N7322,Motor vehicle body repairers,Débosseleurs/débosseleuses et réparateurs/réparatrices de carrosserie.,Balance,À L'ÉQUILIBRE
N7330,Other mechanics and related repairers,Autres mécaniciens/mécaniciennes et réparateurs/réparatrices connexes,Surplus,SURPLUS
N7360,Train crew operating occupations,Personnel des opérations du transport ferroviaire,Surplus,SURPLUS
N7370,"Crane operators, drillers and blasters","Grutiers/grutières, foreurs/foreuses et dynamiteurs/dynamiteuses",Balance,À L'ÉQUILIBRE
N7380,"Printing press operators and other trades and related occupations, n.e","Personnel de l'imprimerie, autre personnel des métiers et personnel assimilé, n.c.a.",Surplus,SURPLUS
N7441,Residential and commercial installers and servicers,"Personnel d'installation, d'entretien et de réparation d'équipement résidentiel et commercial.",Balance,À L'ÉQUILIBRE
N7442,"Waterworks and gas maintenance workers; Pest controllers and fumigators & Other installers, repairers and servicers",Personnel d'entretien des canalisations d'eau et de gaz; Fumigateurs/fumigatrices et préposés/préposées au contrôle de la vermine; Autres réparateurs/réparatrices et préposés/préposées à l'entretien.,Balance,À L'ÉQUILIBRE
N7450,Longshore workers and material handlers,Débardeurs/débardeuses et manutentionnaires,Balance,À L'ÉQUILIBRE
N7511,Transport truck drivers,Conducteurs/conductrices de camions de transport.,Shortage,PÉNURIE
N7512,"Bus drivers, subway operators and other transit operators",Conducteurs/conductrices d'autobus et opérateurs/opératrices de métro et autres transports en commun.,Balance,À L'ÉQUILIBRE
N7513,Taxi and limousine drivers and chauffeurs,"Chauffeurs/chauffeuses de taxi, chauffeurs/chauffeuses de limousine et chauffeurs/chauffeuses.",Balance,À L'ÉQUILIBRE
N7514,Delivery and courier service drivers,Chauffeurs-livreurs/chauffeuses-livreuses - services de livraison et de messagerie.,Balance,À L'ÉQUILIBRE
N7521,Heavy equipment operators(except crane),Conducteurs/conductrices d'équipement lourd (sauf les grues).,Surplus,SURPLUS
N7522,Public works maintenance equipment operators and related workers,Conducteurs/conductrices de machinerie d'entretien public et personnel assimilé.,Balance,À L'ÉQUILIBRE
N7530,Other transport equipment operators and related maintenance workers,Autres conducteurs/conductrices de matériel de transport et personnel d'entretien assimilé,Balance,À L'ÉQUILIBRE
N7610,Trades helpers and labourers,Aides de soutien des métiers et manoeuvres,Surplus,SURPLUS
N7620,"Public works and other labourers, n.e.c.","Manoeuvres aux travaux publics et personnel assimilé, n.c.a.",Balance,À L'ÉQUILIBRE
N8211,"Supervisors, logging and forestry",Surveillants/surveillantes de l'exploitation forestière.,Balance,À L'ÉQUILIBRE
N8220,"Contractors and supervisors, mining, oil and gas","Entrepreneurs/entrepreneuses et surveillants/surveillantes de l'exploitation des mines, du pétrole et du gaz",Surplus,SURPLUS
N8231,Underground production and development miners,"Mineurs/mineuses d'extraction et de préparation, mines souterraines.",Balance,À L'ÉQUILIBRE
N8232,"Oil and gas well drillers, servicers, testers and related workers",Foreurs/foreuses et personnel de mise à l'essai et des autres services reliés à l'extraction de pétrole et de gaz.,Surplus,SURPLUS
N8241,Logging machinary operators,Conducteurs/conductrices de machines d'abattage d'arbres.,Balance,À L'ÉQUILIBRE
N8252,"Agricultural service contractors, farm supervisors and specialized livestock workers & Contractors and supervisors, landscaping, grounds maintenance and horticulture services","Entrepreneurs/entrepreneuses de services agricoles, surveillants/surveillantes d'exploitations agricoles et ouvriers spécialisés/ouvrières spécialisées dans l'élevage; Entrepreneurs/entrepreneuses et superviseurs/superviseures des services de l'aménagement paysager, de l'entretien des terrains et de l'horticulture.",Surplus,SURPLUS
N8260,Fishing vessel masters and fishermen/women,Capitaines de bateaux de pêche et pêcheurs/pêcheuses,Surplus,SURPLUS
N8410,Mine service workers and operatorsin oil and gas drilling,Personnel d'entretien des mines et du forage des puits de pétrole et de gaz,Surplus,SURPLUS
N8420,Logging and forestry workers,Personnel de l'exploitation forestière,Balance,À L'ÉQUILIBRE
N8431,General farm workers,Ouvriers/ouvrières agricoles.,Balance,À L'ÉQUILIBRE
N8432,Nursery and greenhouse workers,Ouvriers/ouvrières de pépinières et de serres.,Balance,À L'ÉQUILIBRE
N8440,Other workers in fishing and trapping and hunting occupations,Autre personnel de la pêche et personnel du trappage et de la chasse,Surplus,SURPLUS
N8611,Harvesting labourers; Aquaculture and marine harvest labourers & Logging and forestry labourers,Manoeuvres à la récolte; Manoeuvres de l'aquaculture et de la mariculture; Manoeuvres de l'exploitation forestière.,Balance,À L'ÉQUILIBRE
N8612,Landscaping and grounds maintenance labourers,Manoeuvres en aménagement paysager et en entretien des terrains.,Surplus,SURPLUS
N8614,"Mine labourers & Oil and gas drilling, servicing and related labourers","Manoeuvres des mines; Manoeuvres de forage et d'entretien des puits de pétrole et de gaz, et personnel assimilé.",Surplus,SURPLUS
N9211,"Supervisors, mineral and metal processing & Supervisors, petroleum, gas and chemical processing and utilities","Surveillants/surveillantes dans la transformation des métaux et des minerais; Surveillants/surveillantes dans le raffinage du pétrole, dans le traitement du gaz et des produits chimiques et dans les services d'utilité publique.",Balance,À L'ÉQUILIBRE
N9213,"Supervisors, food, beverage and related products processing","Surveillants/surveillantes dans la transformation des aliments, des boissons et des produits connexes.",Balance,À L'ÉQUILIBRE
N9214,"Supervisors, plastic and rubber products manufacturing; Supervisors, forest products processing & Supervisors, textile, fabric, fur and leather products processing and manufacturing","Surveillants/surveillantes dans la fabrication de produits en caoutchouc et en plastique; Surveillants/surveillantes dans la transformation des produits forestiers; Surveillants/surveillantes dans la transformation et la fabrication de produits textiles, de tissus, de fourrure et de cuir.",Balance,À L'ÉQUILIBRE
N9220,"Supervisors, assembly and fabrication",Surveillants/surveillantes dans la fabrication et le montage,Balance,À L'ÉQUILIBRE
N9230,Central control and process operatorsin processing and manufacturing,Opérateurs/opératrices de poste central de contrôle dans les procédés de transformation et de fabrication,Balance,À L'ÉQUILIBRE
N9240,Utilities equipment operators and controllers,Opérateurs/opératrices et contrôleurs/contrôleuses d'équipements d'utilités publiques,Balance,À L'ÉQUILIBRE
N9410,machine operators and related workers in mineral and metal products pr,Opérateurs/opératrices de machines dans le traitement et la fabrication des métaux et des minerais et personnel assimilé,Balance,À L'ÉQUILIBRE
N9420,"machine operators and related workers in chemical, plastic and rubber","Opérateurs/opératrices de machines dans le traitement de produits chimiques, du caoutchouc et du plastique et personnel assimilé",Balance,À L'ÉQUILIBRE
N9431,Sawmill machine operators; Other wood processing machine operators; Lumber graders and other wood processing inspectors and graders & Woodworking machine operators,Opérateurs/opératrices de machines à scier dans les scieries; Autres opérateurs/opératrices de machines dans la transformation du bois; Classeurs/classeuses de bois d'oeuvre et autres vérificateurs/vérificatrices et classeurs/classeuses dans la transformation du bois; Opérateurs/opératrices de machines à travailler le bois.,Balance,À L'ÉQUILIBRE
N9432,Pulp mill machine operators; Papermaking and finishing machine operators& Paper converting machine operators,Opérateurs/opératrices de machines dans les usines de pâte à papier; Opérateurs/opératrices de machines dans la fabrication et la finition du papier; Opérateurs/opératrices de machines à façonner le papier.,Surplus,SURPLUS
N9441,"Textile fibre and yarn, hide and pelt processing machine operators and workers; Weavers, knitters and other fabric making occupations; Fabric, fur and leather cutters & Inspectors and graders, textile, fabric, fur and leather products manufacturing","Opérateurs/opératrices de machines et travailleurs/travailleuses de traitement des fibres et des fils textiles, du cuir et des peaux; Tisseurs/tisseuses, tricoteurs/tricoteuses et autres opérateurs/opératrices de machines textiles; Coupeurs/coupeuses de tissu, de fourrure et de cuir; Contrôleurs/contrôleuses et trieurs/trieuses dans la fabrication de produits textiles, de tissus, de fourrure et de cuir.",Balance,À L'ÉQUILIBRE
N9446,Industrial sewing machine operators,Opérateurs/opératrices de machines à coudre industrielles.,Balance,À L'ÉQUILIBRE
N9461,"Process control and machine operators, food, beverage and related products processing; Fish and seafood plant workers & Testers and graders, food, beverage and related products processing","Opérateurs/opératrices de machines et de procédés industriels dans la transformation des aliments, des boissons et des produits connexes; Ouvriers/ouvrières dans les usines de transformation du poisson et de fruits de mer; Échantillonneurs/échantillonneuses et trieurs/trieuses dans la transformation des aliments, des boissons et des produits connexes.",Balance,À L'ÉQUILIBRE
N9462,"Industrial butchers and meat cutters, poultry preparers and related workers","Bouchers industriels/bouchères industrielles, dépeceurs-découpeurs/dépeceuses-découpeuses de viande, préparateurs/préparatrices de volaille et personnel assimilé.",Balance,À L'ÉQUILIBRE
N9470,Printing equipment operators and related occupations,Opérateurs/opératrices d'équipement à imprimer et personnel assimilé,Balance,À L'ÉQUILIBRE
N9521,"Aircraft assemblers and aircraft assembly inspectors; Motor vehicle assemblers, inspectors and testers & Mechanical assemblers and inspectors","Monteurs/monteuses d'aéronefs et contrôleurs/contrôleuses de montage d'aéronefs; Assembleurs/assembleuses, contrôleurs/contrôleuses et vérificateurs/vérificatrices de véhicules automobiles; Monteurs/monteuses et contrôleurs/contrôleuses de matériel mécanique.",Balance,À L'ÉQUILIBRE
N9523,"Electronics assemblers, fabricators, inspectors and testers","Assembleurs/assembleuses, monteurs/monteuses, contrôleurs/contrôleuses et vérificateurs/vérificatrices de matériel électronique.",Surplus,SURPLUS
N9524,"Assemblers and inspectors, electrical appliance, apparatus and equipment manufacturing & Assemblers, fabricators and inspectors, industrial electrical motors and transformers","Monteurs/monteuses et contrôleurs/contrôleuses dans la fabrication de matériel, d'appareils et d'accessoires électriques; Assembleurs/assembleuses, monteurs/monteuses et contrôleurs/contrôleuses dans la fabrication de transformateurs et de moteurs électriques industriels; Opérateurs/opératrices de machines et contrôleurs/contrôleuses dans la fabrication d'appareils électriques.",Balance,À L'ÉQUILIBRE
N9531,"Boat assemblers and inspectors; Plastic products assemblers, finishers and inspectors; Industrial painters, coaters and metal finishing process operators& Other products assemblers, finishers and inspectors","Monteurs/monteuses de bateaux et contrôleurs/contrôleuses de montage de bateaux; Assembleurs/assembleuses, finisseurs/finisseuses et contrôleurs/contrôleuses de produits en plastique; Peintres, enduiseurs/enduiseuses et opérateurs/opératrices de postes de contrôle dans le finissage du métal - secteur industriel; Monteurs/monteuses, finisseurs/finisseuses et contrôleurs/contrôleuses de produits divers.",Balance,À L'ÉQUILIBRE
N9532,Furniture and fixture assemblers and inspectors;  Other wood products assemblers and inspectors & Furniture finishers and refinishers,Monteurs/monteuses et contrôleurs/contrôleuses de meubles et d'accessoires; Monteurs/monteuses et contrôleurs/contrôleuses d'autres produits en bois; Finisseurs/finisseuses et restaurateurs/restauratrices de meubles.,Balance,À L'ÉQUILIBRE
N9611,Labourers in mineral and metal processing & Labourers in metal fabrication,Manoeuvres dans le traitement des métaux et des minerais; Manoeuvres en métallurgie.,Balance,À L'ÉQUILIBRE
N9613,Labourers in chemical products processing and utilities & Labourers in rubber and plastic products manufacturing,Manoeuvres dans le traitement des produits chimiques et les services d'utilité publique; Manoeuvres dans la fabrication des produits en caoutchouc et en plastique.,Balance,À L'ÉQUILIBRE
N9614,"Labourers in wood, pulp and paper processing",Manoeuvres dans le traitement des pâtes et papiers et la transformation du bois.,Balance,À L'ÉQUILIBRE
N9616,"Labourers in textile processing & Other labourers in processing, manufacturing and utilities","Manoeuvres des produits du textile; Autres manoeuvres des services de transformation, de fabrication et d'utilité publique.",Surplus,SURPLUS
N9617,"Labourers in food, beverage and related products processing & Labourers in fish and seafood processing","Manoeuvres dans la transformation des aliments, des boissons et des produits connexes; Manoeuvres dans la transformation du poisson et des fruits de mer.",Balance,À L'ÉQUILIBRE
